{
	"common": {
		"link_ru": "./index.html",
		"link_en": "./index_en.html",
		"link_ro": "./index_ro.html",
		"address": "Chisinau, bd. Stefan cel Mare <br> 202 (Kentford-2)"
	},
	"menu": {
		"agency": "Агентство",
		"works": "Работы",
		"digital_marketing": "Digital marketing",
		"design": "Дизайн",
		"smm": "Смм",
		"offer": "Предлагаем",
		"pulse": "На пульсе",
		"vacancies": "Вакансии",
		"people": "Люди"
	},
	"page_main": {
		"slides": [
			"Здравый<br> смысл - <br> худший враг<br> творчества.",
			"Второй<br> смысл - <br> худший враг<br> творчества.",
			"Третий<br> смысл - <br> худший враг<br> творчества.",
			"Четвертый<br> смысл - <br> худший враг<br> творчества."
		]
	},
	"page_catalog": {
  	"download": "Скачать",
    "ourOffer": "коммерческое предложение",
    "all": "Все",
    "cat_potreb": "Потребительский",
    "cat_corp": "Корпоративный",
    "cat_expo": "Экспо дизайн",
    "cat_event": "Event брендинг",
    "cat_riteil": "Ритейл брендинг",
    "cat_web": "Web дизайн",
    "cat_motion": "Моушн дизайн",
    "cat_design": "Дизайн",
  	"cat_smm": "Digital marketing"
	},
	"page_agency": {
		"b1_title": "Разве фишка не в том, чтобы делать то, что тебе нравится?",
		"b1_desc": "Мы пять лет работаем на рынке рекламы и<br>  интересуемся всем, что связано с<br> построением брендов, продвижением<br>  продуктов и услуг.",
		"b1_desc_left": "Наша могучая <br> диджитал-команда",
		"b2_title": "Работаем <br> откуда хотим",
		"b2_desc": "Нам не нужно увольняться, чтобы пожить пару месяцев в Китае. Не надо отпрашиваться, чтобы сходить к врачу или забрать бабушку с вокзала. <br> Мы не будем заманивать вас в офис бесплатными печеньками. Приходите в МИФ, если свобода важнее.",
		"b2_desc_left": "Кошка, мышка, ноутбук. Жизнь копирайтера",
		"b2_quote": "По данным исследовательского центра, сегодня каждая пятая компания (22%) имеет удаленных сотрудников.",
		"b3_title": "Рынок любит тех, кто отдает больше, <br> чем просит",
		"b3_desc": "Держим руку на пульсе и даже создали <br> сообщество маркетологов, в котором<br> собираются лучшие специалисты<br>       рынка, чтобы обсудить новости сферы и<br> лучшие работы.",
		"b3_desc_add": "Занимаемся созданием<br> сайтов, брендингом,<br> придумываем рекламу,<br> развиваемпроекты в digital, <br> внедряем стратегии.",
		"b3_desc_left": "Lorem ipsum dolor sit amet, <br> consectetur adipisicing elit,",
		"b3_text_rotate": "Все, что мы делаем - часть вашего маркетинга.",
		"b3_text_right": "Мы пять лет работаем н рынке рекламы<br> и интересуемся всем, что связано с<br> построением брендов, продвижением<br> продуктов и услуг.",
		"b3_text_right_add": "Потребитель<br> всегда <br> слушает и<br> оценивает.",
		"b4_title": "Мы<br> постоянно<br> в гуще<br> событий.",
		"b4_right_1": "Moldova <br> Design <br> Weekend <br> 2017",
		"b4_right_2": "Moldova <br> Design <br> Weekend <br> 2017",
		"b4_right_3": "Moldova <br> Design <br> Weekend <br> 2017",
		"b4_text_1": "Мы не просто много читаем, мы <br> многое делаем. Мы постоянные <br> посетители главных семинаров, <br> конференций в сфере. Мы можем <br> часами вам разговаривать про  <br> нашу работу и столько же можем <br> выслушать. В шкафах наших домов <br>   и квартир можно найти не одну <br> стопку полезной литературы, мы <br> рады ее обменяться или  <br> посоветовать что почитать. <br> Считаем саморазвитие одно из <br> важнейших пунктов, в работе. ",
		"b4_text_2": "Если мы и не присутствуем на  <br>конференции как зритель мы  <br>обязательно на ней выступаем. Сами <br>проводим и помогаем проводить <br>большое количество мероприятий.",
		"b5_title": "Отвечаем за свою работу!",
		"b5_text_1": "Наше агентство отличает от других компаний <br>коллективное движение к профессиональному развитию, <br>свежий, современный взгляд на коммуникации, высокий <br>уровень креативности. Реализуем решения, <br>повышающие ценность брендов, позволяющие  <br>компаниям выглядеть достойно, проникать в умы своих  <br>потребителей и оставаться в сердцах. Мы помним, что <br>digital маркетинг &ndash; это набор инструментов, которые <br>должны решать бизнес-задачи клиента.",
		"b5_text_2": "Ваша культура &ndash; ваш бренд <br>Понимаем, как выстроить визуальныю идентификацию, <br>когда задачи фирменного стиля гораздо масштабнее, чем <br>просто разработка логотипа. Поэтому наши системные <br>решения хорошо работают как в офлайн, так и <br>онлайн-среде. <br>Помогаем компаниям, которые переносят свои  <br>офлайн-продукты в онлайн среду",
		"b6_title": "Праздник нужно<br>всегда носить с собой.",
		"b6_title_desc": "Ожидание радости тоже  <br>есть радость.",
		"b6_text_1": "Мы проводим на работе треть <br>суток, и это в лучшем случае. <br>Поэтому не удивительно, когда  <br>даже самая любимая  <br>работа приводит к <br>профессиональному \"выгоранию\".",
		"b6_text_2": "По этому мы часто тусим. <br>Успешный, динамично развивающийся <br>бизнес - это всегда  <br>заслуга целой команды."
	},
	"page_design":{
		"cat_design": "Дизайн",
		"cat_smm": "Смм",
		"cat_seo": "Сео",
		"cat_proj": "Проекты",
		"b1_title": "Design",
		"b1_h3": "Люди покупают не то, <br>что вы создаете, <br>а то, почему вы это создаете",
		"b1_text": "<strong>Любому бизнесу</strong> <br>особенно тому, который планирует развиваться, нужен свой фирменный стиль - вот это и есть то, чем мы занимаемся в отделе дизайна. Беремся за все - от разработки логотипов до полноценной айдентики.<br><strong>Создаем с нуля</strong> <br>или совершенствуем уже имеющуюся базу. Делаем свою работу с любовью и вниманием. Бывает, что отметаем до сотни неудачных вариантов, но всегда в итоге выходим на “конфетку”, в которую наши клиенты влюбляются сами и отрывают с руками. <br><strong>Мы за исключительную уникальность.</strong> <br>Вас будут быстро запоминать и узнавать. <br>Мы позаботимся об этом! <br>Для более подробной информации читайте наше коммерческое предложение <a href=\"#\">тут</a>",
		"b2_title": "SMM",
		"b2_h3": "Каждый должен заниматься своим делом. <br>Клиент – продуктом. <br>Мы – его продвижением",
		"b2_text": "<strong>SMM- это Social Media Marketing </strong> <br>(то есть маркетинг в социальных сетях). Мы не понаслышке знаем, что это не просто аббревиатура, а очень сильный и эффективный инструмент, которым не стоит пренебрегать в условиях современного рынка. <br><strong>Важно быть близко к клиенту</strong><br>держать его в курсе событий, вовремя делать вкусные предложения, быть с ним на связи и присутствовать в его жизни каждый день? Мы можем это сделать. И не просто можем, а плотно занимаемся именно этим на протяжении 5 последних лет. Знаем как свои пять пальцев самых сильных мира сего-  Facebook, Vkontakte, Odnoklassniki, Youtube, Instagram, Adwords. С радостью замолвим им за вас словечко. <br>Для более подробной информации читайте наше коммерческое предложение <a href=\"#\">тут.</a>",
		"b3_title": "Project Creation",
		"b3_h3": "People may forget what <br>you said or what you did,",
		"b3_text": "<strong>Занимаемся разработкой</strong> <br>запуском и ведением интересных и неординарных проектов. Например, провели батл по фифе среди представителей бизнеса от компании Enter.  <br>Были частью многих грандиозных проектов, например проект <span class=\"accent\">Be Our Guest от Tourism Moldova</span> под эгидой <span class=\"accent\">Usaid</span>, чем очень гордимся. Сделали для этой кампании сложный интерактивный сайт и занимались продвижением всей кампании в социальных сетях. <br><strong>Про себя тоже не забываем</strong> <br>Есть у нас свой внутренний проект, который мы очень любим, называется Secret Santa. Запускаем его каждый год зимой в свое удовольствие, приносим радость людям. <br>Принесем радость и вам. Вы знаете как с нами связаться. <br>Для более подробной информации читайте наше коммерческое предложение <a href=\"#\">тут</a>"
	},
	"page_news":{
		"more": "Читать далее"
	},
	"page_vacancies": {
		"title": "Собака лает, караван идет",
		"text": "Иногда у нас появляется необходимость в новых головах, руках и ушах. Тогда мы начинаем \"кого-то\" искать. Каждый раз этим \"кто-то\" можешь стать ты. Обычно в розыск объявляются SMM специалисты, дизайнеры, таргет менеджеры, программисты, верстальщики и менеджеры проектов. Найденному полагается вознаграждение и тортик.",
		"steps": [
			"<strong>Итак. Как стать частью нашей команды?</strong> Отправить CV и портфолио (опционально). CV читаем в формате PDF. Портфолио можешь показать на behance.net, например, или отправить отдельным файлом pdf. Почта ready@gosocial.md.",
			"Получить свое первое тестовое задание.<br /> Хотим увидеть на сколько ты все то, что рискнул описать в CV.<br /> За тестовые задания не платим и на них устнвливается четкий дедлайн.",
			"Прийти к нам на собеседование Если нам понравится как ты выполнил тестовое задание, позовем тебя на собеседование. Познакомимся и обсудим возможное сотрудничество.",
			"Успешно пройти испытательный срок Испытательный срок в нашей компании обычно месяц. За этот период и ты и мы окончательно решаем хотим ли работать вместе."
		],
		"vacancie": "Вакансия",
		"close": "Закрыть",
		"more": "Читать далее",
		"wanted": "Чек-лист наших \"хотений\":",
		"tasks": "Чек-лист твоих задач:",
		"gets": "Что ты получишь?",
		"send": "Нам не хватает тебя. Отправить заявочку."
	},
	"page_people":{
		"board": "Доска почета"
	}
}